Submission Date,status,Name,Game version,Level,Score,Gold,Screenshot/Video,Date,Number of mutators,Game version 2,Used weapon,Mutators,Used perks,Submission ID
2023-06-27 18:55:17,a,esteban8nn,Demo,Nordfels,13152,259,https://cdn.discordapp.com/attachments/1117853463045476382/1121874081948651691/13k_pointss.PNG,unknown,,,,,,5636941175145327386
2023-06-30 17:22:15,a,GhostMiner,Demo,Neuland,4872,42,https://cdn.discordapp.com/attachments/697094989716521021/1124358589440598086/2420130_20230630170800_1.png,unknown,,,,,,5639477353524707944
2023-07-01 21:26:54,a,neoarandil,Demo,Neuland,5002,70,https://media.discordapp.net/attachments/1117853463045476382/1124441173075959990/image.png?width=1074&height=604,unknown,,,,,,5640488143525514428
2023-07-01 21:35:32,a,deltatee,Demo,Nordfels,12432,529,https://media.discordapp.net/attachments/1117853463045476382/1121339065107763230/image.png?width=1074&height=604,unknown,,,,,,5640493323523656433
2023-07-02 14:53:23,a,arkqa,Demo,Neuland,5201,61,https://cdn.discordapp.com/attachments/1117853463045476382/1125023335554760745/image.png,unknown,,,,,,5641116033429398573
2023-07-02 17:34:57,o,ToGreedy,Demo,Neuland,5178,610,https://cdn.discordapp.com/attachments/1032264855815725126/1125087109284384838/image.png,unknown,,,,,,5641212971612850952
2023-07-03 17:08:25,o,Anael,Demo,Nordfels,17312,320,https://www.youtube.com/watch?v=WAIV-AjWRa8,unknown,,,,,,5642061050813835734
2023-07-04 3:48:34,a,ToGreedy,Demo,Neuland,5187,61,https://cdn.discordapp.com/attachments/1117853463045476382/1125603735607988274/image.png,04/07/2023 3:47,,,,,,5642445144129133009
2023-07-04 4:33:09,a,ToGreedy,Demo,Nordfels,12811,152,https://cdn.discordapp.com/attachments/659527750268485640/1125615094714347671/image.png,04/07/2023 4:32,,,,,,5642471894123526752
2023-07-04 5:50:26,r,BabyKrokodile,Demo,Nordfels,11730,472,https://cdn.discordapp.com/attachments/937447824113664021/1125634645883621397/Screenshot_45.png,04/07/2023 5:01,,,,,,5642518260029250186
2023-07-06 11:46:24,o,Isaac,Demo,Nordfels,13558,392,https://drive.google.com/file/d/1ukyw_AsJqHD6a12WMN2FTUfUC-V8V_Sf/view?usp=drive_link,06/07/2023 2:23,,,,,,5644459848327569203
2023-07-07 10:31:36,o,The Gentleman,Demo,Nordfels,14110,258,https://steamuserimages-a.akamaihd.net/ugc/2028358250043827064/D48D6FB731C53A880425AE2A8848094F50DBF0DD/?imw=5000&imh=5000&ima=fit&impolicy=Letterbox&imcolor=%23000000&letterbox=false,07/07/2023 1:30,,,,,,5645278967428167097
2023-07-09 2:59:30,r,Isaac,Demo,Nordfels,14461,279,https://drive.google.com/file/d/1JH9-6KKyisGYGAt3XIzmdEy0lX772Qyo/view?usp=drive_link,08/07/2023 17:57,,,,,,5646735708328082245
2023-07-09 3:34:32,a,The Gentleman,Demo,Nordfels,14795,293,https://steamuserimages-a.akamaihd.net/ugc/2028358326463598485/08CD8326D0436D0B2A6271131FC50A00D6919740/?imw=5000&imh=5000&ima=fit&impolicy=Letterbox&imcolor=%23000000&letterbox=false,08/07/2023 18:33,,,,,,5646756727426192172
2023-07-12 11:52:25,a,Anael,Demo,Nordfels,17339,321,https://www.youtube.com/watch?v=OtlpDNgL-K0,12/07/2023 6:50,,,,,,5649647450811374184
2023-07-15 16:41:33,a,LukasRainbow,Demo,Neuland,4884,43,https://cdn.discordapp.com/attachments/1117853463045476382/1129752542755168388/image.png,15/07/2023 14:33,,,,,,5652412933695956096
2023-07-15 17:31:25,a,ItsMeRaven,Demo,Neuland,5240,65,https://youtu.be/AH2ums3NzvI,15/07/2023 17:27,,,,,,5652442853112556983
2023-07-16 21:39:35,a,Isaac,Demo,Nordfels,14595,468,https://drive.google.com/file/d/1bgARNO6YxeU1yUJaeUJDVHjluFtDD19_/view?usp=drive_link,16/07/2023 12:38,,,,,,5653455758328117552
2023-07-16 22:14:01,a,ItsMeRaven,Demo,Nordfels,16938,287,https://youtu.be/sr6zlDb_s1M,16/07/2023 22:12,,,,,,5653476415114885016
2023-07-17 22:28:25,a,Olivenstein,Demo,Nordfels,10920,0,https://ibb.co/ZhkTSmZ,17/07/2023 22:21,,,,,,5654349054916248930
2023-07-19 18:42:18,a,Elkku The Variety Gamer,Demo,Nordfels,14293,280,https://imgur.com/a/4BmBZAw,19/07/2023 19:37,,,,,,5655941384818414830
2023-07-23 16:08:21,a,boboo32,Demo,Nordfels,10973,375,https://media.discordapp.net/attachments/1130143101944594442/1132058023393775787/thronefall_high_score_nordfells.png?width=1073&height=604,21/07/2023 16:07,,,,,,5659305013526256772
2023-07-23 18:27:06,r,Shentiko,Demo,Nordfels,8948,450,file:///C:/Users/meiks/OneDrive/Bilder/Screenshots/Screenshot%20(9).png,23/07/2023 18:17,,,,,,5659388261427872876
2023-07-24 19:13:34,o,digestives,Demo,Neuland,4993,65,https://i.ibb.co/BjbVQp0/thronefall-01-003.png,24/07/2023 17:58,,,,,,5660280142169917061
2023-07-24 19:20:53,a,digestives,Demo,Neuland,5017,65,https://i.ibb.co/hDRBCzT/thronefall-01-004.png,24/07/2023 18:20,,,,,,5660284532169986279
2023-07-26 16:52:49,o,LTU Adas,Demo,Nordfels,15031,317,https://i.imgur.com/ns8P12I.png,26/07/2023 17:43,,,,,,5661923696026743158
2023-07-26 23:09:45,a,LTU Adas,Demo,Nordfels,15319,327,https://i.imgur.com/pj8OtXL.png,27/07/2023 11:58,,,,,,5662149856026145095
EARLY ACCESS RELEASE,,,,,,,,,,,,,,
2023-08-03 2:38:14,o,Anael,Early access,Nordfels,32058,334,https://www.youtube.com/watch?v=IvLhouTMPMA,02/08/2023 21:36,unknown,unknown,unknown,,,5668322944412606773
2023-08-03 3:25:47,o,ItsMeRaven,Early access,Durststein,29353,526,https://youtu.be/6a_Dy_Rf06A,03/08/2023 3:25,unknown,unknown,unknown,,,5668351472311234450
2023-08-03 4:35:18,o,Anael,Early access,Durststein,37086,560,https://www.youtube.com/watch?v=-fTEgypuoZk,02/08/2023 23:34,unknown,unknown,unknown,,,5668393184416053817
2023-08-03 13:16:07,o,ItsMeRaven,Early access,Durststein,35650,548,https://youtu.be/-cqGjSQgtv0,03/08/2023 13:15,unknown,unknown,unknown,,,5668705676121612103
2023-08-03 15:40:56,a,ToGreedy,Early access,Durststein,31750,384,https://www.youtube.com/watch?v=ywTwphwPZKo,03/08/2023 15:38,6,unknown,Spear,"Tiger god
Snake god
Falcon god
God of destruction
Wasp god
God of death","Castle fortifications, Royal mint, Arcane towers",5668792567243616188
2023-08-04 2:14:38,o,Anael,Early access,Nordfels,32058,334,https://www.youtube.com/watch?v=IvLhouTMPMA,03/08/2023 21:11,unknown,unknown,unknown,,,5669172784416797195
2023-08-04 2:16:05,r,Anael,Early access,Durststein,38621,590,https://www.youtube.com/watch?v=CeCehw6Gh0A,03/08/2023 21:14,unknown,unknown,unknown,,,5669173654414391117
2023-08-04 2:17:32,o,Anael,Early access,Frostsee,24280,96,https://www.youtube.com/watch?v=OU6guPbp-RU,03/08/2023 21:15,unknown,unknown,unknown,,,5669174524416574377
2023-08-04 16:01:24,o,ToGreedy,Early access,Neuland,5186,65,https://www.youtube.com/watch?v=cmjjoo9PNUY,04/08/2023 16:00,0,unknown,unknown,None,,5669668847242218720
2023-08-04 18:18:59,a,MrLlama,Early access,Neuland,5066,70,https://cdn.discordapp.com/attachments/1117853463045476382/1137056987671171113/image.png,04/08/2023 12:17,0,unknown,Bow,None,,5669751398845557650
2023-08-04 20:44:53,a,mkktbkkt,Demo,Nordfels,14624,297,https://i.postimg.cc/bwLHgdtz/Desktop-Screenshot-2023-08-02-22-33-51-66.png,02/08/2023 22:33,unknown,unknown,unknown,,,5669838931327510833
2023-08-04 21:09:49,a,ToGreedy,Early access,Neuland,5191,61,https://www.youtube.com/watch?v=15EhLDymKOM,04/08/2023 21:08,0,unknown,Bow,None,,5669853897242728201
2023-08-04 21:19:16,o,GhostMiner,Early access,Nordfels,7846,73,http://img/scores/ea-nf,04/08/2023 21:16,unknown,unknown,unknown,,,5669859563521143096
2023-08-05 9:49:46,a,mkktbkkt,Early access,Nordfels,29224,242,https://i.postimg.cc/SKGLSJxH/Desktop-Screenshot-2023-08-04-18-11-15-37.png,04/08/2023 18:11,unknown,unknown,unknown,,,5670309861327922884
2023-08-05 16:35:00,a,donner,Early access,Nordfels,30765,268,https://www.youtube.com/watch?v=vgwUyaSSwcg,05/08/2023 15:33,6,unknown,Spear,"Tiger god
Snake god
Falcon god
God of destruction
Wasp god
God of death","Heavy armour, War horse, Glass cannon",5670553005114138699
2023-08-05 17:26:38,r,ItsMeRaven,Early access,Durststein,39033,616,https://youtu.be/H7Xsnfj7fMg,05/08/2023 0:01,unknown,unknown,unknown,,,5670583983595702380
2023-08-05 18:13:38,a,ItsMeRaven,Early access,Neuland,5208,65,https://youtu.be/iOeDhffHtEE,05/08/2023 18:13,0,unknown,Bow,None,,5670612183592720178
2023-08-05 21:53:34,o,LTU Adas,Early access,Nordfels,34048,255,https://cdn.discordapp.com/attachments/1125745065051029514/1142069097618735164/wteb0kD.png,05/08/2023 22:50,unknown,unknown,unknown,,,5670744147712099011
2023-08-05 23:42:52,a,Anael,Early access,Neuland,5240,65,https://www.youtube.com/watch?v=oUCOakw2l1Y,05/08/2023 18:42,0,unknown,Bow,None,,5670809724411322082
2023-08-06 4:14:22,a,polill00,Early access,Neuland,5177,61,https://cdn.discordapp.com/attachments/1125745065051029514/1142069261033033778/cQjUUUf.png,05/08/2023 20:11,0,unknown,Bow,None,,5670972629252066421
2023-08-06 23:34:37,o,ItsMeRaven,Early access,Durststein,34865,480,https://prnt.sc/WhC_0W_wEcFe,06/08/2023 23:33,unknown,unknown,unknown,,,5671668770486992937
2023-08-07 0:21:50,o,Anael,Early access,Frostsee,26214,156,https://www.youtube.com/watch?v=Po7QCHq6ot4,06/08/2023 19:20,unknown,unknown,unknown,,,5671697104414109250
2023-08-07 5:11:37,a,Anael,Early access,Durststein,36543,523,https://www.youtube.com/watch?v=xOxx4XTmhDQ,07/08/2023 0:10,6,unknown,Spear,"Tiger god
Snake god
Falcon god
God of destruction
Wasp god
God of death","Royal mint, castle fortifications, Glass cannon",5671870974416950063
2023-08-07 18:15:28,o,LTU Adas,Early access,Frostsee,24865,122,https://cdn.discordapp.com/attachments/1125745065051029514/1142069454608551987/TxcNOvV.png,07/08/2023 19:10,unknown,unknown,unknown,,,5672341287816812817
2023-08-07 22:37:39,a,LTU Adas,Early access,Neuland,5209,65,https://www.youtube.com/watch?v=BeF_U63oa-g,07/08/2023 20:35,0,unknown,Bow,None,,5672498597817743122
2023-08-08 4:35:46,a,Conq,Early access,Neuland,5124,58,https://cdn.discordapp.com/attachments/1125745065051029514/1142069747148668949/image.png,08/08/2023 14:34,0,unknown,Bow,None,,5672713468415598818
2023-08-08 15:35:18,o,ItsMeRaven,Early access,Durststein,36767,536,https://youtu.be/Tg-9ZRt6Ed4,08/08/2023 15:34,unknown,unknown,unknown,,,5673109183716373920
2023-08-08 20:41:24,o,Anael,Early access,Nordfels,37008,291,https://www.youtube.com/watch?v=4v1ONP9TnoM,08/08/2023 15:39,unknown,unknown,unknown,,,5673292844419177833
2023-08-09 2:20:08,o,Anael,Early access,Frostsee,26991,184,https://www.youtube.com/watch?v=L8c4C2nPdg4,08/08/2023 21:19,unknown,unknown,unknown,,,5673496084418256537
2023-08-10 15:32:21,a,donner,Early access,Durststein,36053,512,https://www.youtube.com/watch?v=ggpTGKuA7uI,10/08/2023 14:31,6,unknown,Spear,"Tiger god
Snake god
Falcon god
God of destruction
Wasp god
God of death","Royal mint, Elite warrios, Treasure hunter",5674835415112516079
2023-08-10 18:15:24,o,Anael,Early access,Frostsee,27424,203,https://www.youtube.com/watch?v=IF-GYLt2V7A,10/08/2023 13:14,unknown,unknown,unknown,,,5674933244414882334
2023-08-11 11:58:52,o,LTU Adas,Early access,Frostsee,26600,184,https://youtu.be/uPHTr1ppdAQ,10/08/2023 10:30,unknown,unknown,unknown,,,5675571323716046991
2023-08-11 19:14:08,a,MJ,Early access,Nordfels,23506,60,https://cdn.discordapp.com/attachments/1125745065051029514/1142069919454875738/Nordfels-1.png,12/08/2023 1:10,unknown,unknown,unknown,,,5675832489216687149
2023-08-11 21:51:28,a,lolidoli,Early access,Neuland,5231,65,https://www.youtube.com/watch?v=1yu1NCtVpxc,11/08/2023 19:40,0,unknown,Bow,None,,5675926882905833854
2023-08-12 12:46:53,o,Morry4C,Early access,Frostsee,28367,240,https://youtu.be/GNKS0jIT1Oo,12/08/2023 18:36,unknown,unknown,unknown,,,5676464130287824139
2023-08-13 0:34:19,r,Froggurto,Early access,Nordfels,31261,285,https://imgur.com/pPGsEis,12/08/2023 21:40,unknown,unknown,unknown,,,5676888597812348613
2023-08-13 9:41:45,o,Morry4C,Early access,Frostsee,30676,323,https://youtu.be/78fHfGybE8k,13/08/2023 15:40,unknown,unknown,unknown,,,5677217050288019562
2023-08-13 13:20:20,a,LTU Adas,Early access,Durststein,34524,501,https://cdn.discordapp.com/attachments/1125745065051029514/1142070507601141891/nmNPPJv.png,13/08/2023 14:16,unknown,unknown,unknown,,,5677348203711549049
2023-08-13 18:37:16,o,Termii,Early access,Frostsee,28278,231,https://www.youtube.com/watch?v=zkpKkA3dzq0,13/08/2023 18:06,unknown,unknown,unknown,,,5677538364684410741
2023-08-14 23:56:00,o,Anael,Early access,Frostsee,31816,353,https://www.youtube.com/watch?v=O3HSQt-P4tI,14/08/2023 18:54,unknown,unknown,unknown,,,5678593600129833150
2023-08-15 17:17:50,a,Baerentoeter,Early access,Neuland,5158,65,https://cdn.discordapp.com/attachments/1125745065051029514/1142070654431146074/TZMajjO.png,15/08/2023 16:41,0,unknown,Bow,None,,5679218707773175864
2023-08-17 12:50:32,a,GhostMiner,Early access,Nordfels,9797,42,https://ghost-miner.github.io/thronefall/img/scores/ea-nf/ghostminer2.png,17/08/2023 12:46,unknown,unknown,unknown,,,5680786323529001240
2023-08-17 14:43:11,o,Morry4C,Early access,Frostsee,32389,367,https://youtu.be/ClNADt18RZw,17/08/2023 20:42,unknown,unknown,unknown,,,5680853910285796040
2023-08-17 19:21:40,o,Anael,Early access,Nordfels,48861,335,https://www.youtube.com/watch?v=_OUJChj6r54,17/08/2023 14:20,7,1.1,unknown,"Turtle god
Tiger god
Snake god
Falcon god
God of destruction
Wasp god
God of death",,5681021000429293808
2023-08-18 6:18:10,a,Anael,Early access,Nordfels,49545,350,https://www.youtube.com/watch?v=rqJVLlyH7R0,18/08/2023,7,1.11,Spear,"Turtle god
Tiger god
Snake god
Falcon god
God of destruction
Wasp god
God of death","Royal mint, glass cannon, War horse",5681414900428389708
2023-08-19 13:07:18,a,A Zhu,Early access,Durststein,41500,470,https://youtu.be/xLwUuC-5rHc,19/08/2023,6,1.1,Bow,"Tiger god
Snake god
Falcon god
God of destruction
Wasp god
God of death","Royal mint, Pumpkin fields, Elite warriors",5682524380523160972
2023-08-19 14:01:18,o,TopTim11,Early access,Frostsee,25931,320,https://postimg.cc/vxmVc41G,19/08/2023,6,1.1,unknown,,,5682556781685330633
2023-08-19 23:30:22,o,remolx,Early access,Frostsee,30162,237,https://lh3.googleusercontent.com/pw/AIL4fc_AGBd-VW0k0UbdvlnJR7uy10Uw1vyOYNZq1cwVT_vclNeC3YJNG3SVECnbHQDgpoa2o-3KQafhSqJnRG7IN0iJI3lNHLTS3l5oLVvGhNw5WMWgD_j7IjI_FxCXZXs4VRp6yPyN5SaUdqZU61dqkk8iQaeIGkXvPjC1NUs07KgFpxIzaaT7ST2ibQ3Ocr9ucpcR4ALW6ZSTcnfdnMbn23gPxkVkCJQVs2U6BsGC8YFYpgHw3EOrB5rgkJyYgF38xR2oCjB0icx3YirZXE4Bov51KDMJKEoVKDXxPVlalrXHQLBD85RThagDBtqTFYShTpsNraJgzEZtKHk3Tg28kxi1VzZhT8CkQV4bEoGtbF2vuKHuPEU-iGeBYfUBbqqlr5v0SLkAwS_bqutYvNlRGUwDqSkSv7GWhW9KLvLiM_621DbJyRE31rKDB1v9HqTtwgEE1WwnEe4QZpB328m9Ko5Adqyp9WUSQgaoPr5NdQS2Z2Ppv2mxtC7KOsisJaj40Fo9-gFhT8bbGUkIiIlb_3WovYBIGKF7RS1lsjGp6Aewxd2KB2vnfhVP4uZuEoJk5Ho_GnFOu8MhKOH86vD-xBMdylR0MBVRXkOem-ov9YyLyYrRwj1358RzzNE4HjdEBokHFr-KhMJ3_wUhUJIZGcKQk-TI9VynR-ESt2lyQ6i4ShShbiwvxcrGu7NiaZxbVwa4lmhashbrHp-fvhNEjK0gfIbydrIt6QAl56CPxGvZV1_9gyTF1j75ozkxu1W-5FphNd8_H1IKCaYPK6ryHurPn1bKXpMKgs8w4jv7YgujuVK8MyWFZkGed4koaz9ZCz9Et2TZmHPBp2p9rIzOD_o_Lbc-vp7iEzvh_wrU0FLIj0TBpD16A10hRE87g8RFlqvTdyc3zTP-6CJ7vsy8eFUnpXUuobyh1XJjJLKp5EPRnrZv4OIw4b561DPpjlakvGwEfi3AGlnnxxkhtxOdD9T1901CXFToLMwy6zDoxXqGU91f2M7hTnsjB9StbsfqTSojs0dShjPjpEqlgBiDexvopfEJc_biuLWBMgSATKmxqNTG0N6e-VH7UpMU7u7taX9CuVqaBqOpmYYX8Tj-UORYT7U=w1321-h743-no?authuser=0,19/08/2023,6,1.1,unknown,,,5682898221612541965
2023-08-20 11:08:52,r,A Zhu,Early access,Frostsee,35270,323,https://youtu.be/nohzugA12B0,20/08/2023,6,1.11,unknown,,,5683317320529850043
2023-08-20 11:22:15,a,A Zhu,Early access,Frostsee,35270,323,https://youtu.be/P8HMFb8x1uQ,20/08/2023,6,1.11,Bow,,,5683325350526452154
2023-08-20 13:31:12,a,mirkoo,Early access,Frostsee,36819,130,https://www.youtube.com/watch?v=Ur-m6vYnUt4,20/08/2023,7,1.11,Spear,"Turtle god
Tiger god
Snake god
Falcon god
God of destruction
Wasp god
God of death","Heavy armour, War horse, Big harbours",5683402729611552996
2023-08-20 15:44:38,a,TopTim11,Early access,Frostsee,34582,110,https://i.postimg.cc/5tftZyhC/Highscore-frostsee2.png,20/08/2023,7,1.1,unknown,"Turtle god
Tiger god
Snake god
Falcon god
God of destruction
Wasp god
God of death",,5683482781684243362
2023-08-20 17:18:16,o,Morry4C,Early access,Frostsee,36192,392,https://youtu.be/pU6RZIlXK6M,20/08/2023,6,1.1,unknown,,,5683538960287694392
2023-08-20 18:34:09,a,Shiloh,Early access,Frostsee,32853,308,https://media.discordapp.net/attachments/1117853463045476382/1142848512975974590/Screen_Shot_2023-08-20_at_10.51.18_AM.png?width=1602&height=1004,20/08/2023,6,1.11,unknown,,,5683584495252149922
2023-08-20 21:20:58,o,remolx,Early access,Frostsee,35725,274,https://photos.google.com/share/AF1QipMhwgWFMpBkazdQZXKSTb3OmM3zx7kx2II0QBdJ6le8NVMYlxj0Oj-lnYAIVXgnRQ?key=OFEyRmhYSGQ5U2UzRHdHcElXTFpsLVhSSnVrcDhn,20/08/2023,6,1.1,unknown,,,5683684581612349167
2023-08-20 21:23:28,a,Termii,Early access,Frostsee,40746,230,https://www.youtube.com/watch?v=PgSjR9GDoJk,20/08/2023,7,1.11,Spear,"Turtle god
Tiger god
Snake god
Falcon god
God of destruction
Wasp god
God of death","War horse, Heavy armour, Big harbours",5683686084684230065
2023-08-21 16:55:23,a,Morry4C,Early access,Durststein,47756,408,https://youtu.be/1xLKsTUgxrQ,21/08/2023,7,1.11,Spear,"Turtle god
Tiger god
Snake god
Falcon god
God of destruction
Wasp god
God of death","Pumpkin fields, Heavy armour, Royal mint",5684389230288408389
2023-08-21 19:32:28,o,remolx,Early access,Frostsee,39324,187,https://i.postimg.cc/VvVjdsJX/bow-7-mut-fr.jpg,21/08/2023,7,1.15,unknown,"Turtle god
Tiger god
Snake god
Falcon god
God of destruction
Wasp god
God of death",,5684483481611875787
2023-08-22 0:59:09,o,remolx,Early access,Frostsee,40732,205,https://i.postimg.cc/QMRYKLMT/fs-7-mut-bow.jpg,22/08/2023,7,1.15,unknown,"Turtle god
Tiger god
Snake god
Falcon god
God of destruction
Wasp god
God of death",,5684679491611702138
2023-08-22 13:43:16,r,LaBaguetteDuGame,Early access,Nordfels,41588,188,https://discord.com/channels/1064507938095497268/1117853463045476382/1143509856398102598,22/08/2023,7,1.15,unknown,"Turtle god
Tiger god
Snake god
Falcon god
God of destruction
Wasp god
God of death",,5685137961514009534
2023-08-22 17:48:40,o,LaBaguetteDuGame,Early access,Nordfels,41588,188,https://cdn.discordapp.com/attachments/1125745065051029514/1143589809533763634/image.png,22/08/2023,7,1.15,unknown,"Turtle god
Tiger god
Snake god
Falcon god
God of destruction
Wasp god
God of death",,5685285201513421878
2023-08-23 14:11:29,a,Chak,Early access,Neuland,5125,65,https://paste.pics/6b9e73143d6775b3ce1a29432937d587,23/08/2023,0,1.15,Bow,None,,5686018899422571781
2023-08-23 14:39:55,o,BadWolf,Early access,Neuland,4544,61,https://pasteboard.co/WaNsT9nkkaLp.png,23/08/2023,0,1.15,unknown,None,,5686035953411594103
2023-08-23 14:54:01,a,Chak,Early access,Nordfels,24207,48,https://paste.pics/8fc5f213dd7d9c12852c23bd434c782c,23/08/2023,6,1.15,unknown,,,5686044419425202922
2023-08-23 18:04:27,a,LaBaguetteDuGame,Early access,Frostsee,33721,215,https://ibb.co/gM069NF,23/08/2023,6,1.15,unknown,,,5686158671519313863
2023-08-23 19:38:14,a,remolx,Early access,Neuland,5152,65,https://i.postimg.cc/dQdf3DhR/14.jpg,23/08/2023,0,1.15,Bow,None,,5686214941618753061
2023-08-23 21:56:27,a,LaBaguetteDuGame,Early access,Nordfels,46090,291,https://ibb.co/3k2RhMS,23/08/2023,7,1.15,unknown,"Turtle god
Tiger god
Snake god
Falcon god
God of destruction
Wasp god
God of death",,5686297871513933994
2023-08-24 8:46:39,a,Morry4C,Early access,Frostsee,44423,306,https://youtu.be/iansF3JG_Ng,24/08/2023,7,1.15,Spear,"Turtle god
Tiger god
Snake god
Falcon god
God of destruction
Wasp god
God of death",,5686687990282613394
2023-08-24 9:58:17,a,mxi97,Early access,Neuland,5092,61,https://cdn.discordapp.com/attachments/760660365331398656/1144178712800137286/image.png,24/08/2023,0,1.15,Bow,None,,5686730975725276454
2023-08-24 9:59:04,a,Lich46,Early access,Durststein,50808,504,https://www.youtube.com/watch?v=S17bkDCv0YM,24/08/2023,7,1.15,Spear,"Turtle god
Tiger god
Snake god
Falcon god
God of destruction
Wasp god
God of death","Royal mint, Heavy armour, Pumpkin fields",5686731446715700510
2023-08-24 18:26:10,a,BadWolf,Early access,Neuland,5164,59,https://pasteboard.co/HCNTlUjLsGsv.png,24/08/2023,0,1.16,Bow,None,,5687035703416274640
2023-08-24 21:30:40,a,ItsMeRaven,Early access,Durststein,52597,527,https://youtu.be/3LAZ3Gj-aEE,24/08/2023,7,1.16,Spear,"Turtle god
Tiger god
Snake god
Falcon god
God of destruction
Wasp god
God of death","Royal mint, Heavy armour, Pumpkin fields",5687146407702751593
2023-08-25 1:31:03,a,LT3,Early access,Frostsee,36083,280,https://postimg.cc/5Hrr3T5k,25/08/2023,6,1.16,Spear,,,5687290631329696811
2023-08-25 6:16:28,o,Anael,Early access,Frostsee,48544,378,https://www.youtube.com/watch?v=3Lb-i3MQYhc,25/08/2023,7,1.16,Spear,"Turtle god
Tiger god
Snake god
Falcon god
God of destruction
Wasp god
God of death",,5687461881714513426
2023-08-25 22:12:10,o,remolx,Early access,Frostsee,43413,263,https://i.postimg.cc/VNV3jvzw/fs-bow-7mut.jpg,25/08/2023,7,1.16,Bow,"Turtle god
Tiger god
Snake god
Falcon god
God of destruction
Wasp god
God of death",,5688035301611517527
2023-08-26 16:58:10,a,LT3,Early access,Nordfels,45650,264,https://pasteboard.co/YQ5ucQzOYLVi.png,26/08/2023,7,1.16,Spear,"Turtle god
Tiger god
Snake god
Falcon god
God of destruction
Wasp god
God of death",,5688710906716079673
2023-08-26 19:19:00,a,remolx,Early access,Frostsee,44364,288,https://i.postimg.cc/G2rrHkT4/fs-bow-7-muts.jpg,26/08/2023,7,1.16,Bow,"Turtle god
Tiger god
Snake god
Falcon god
God of destruction
Wasp god
God of death",,5688795401619589200
2023-08-26 22:28:49,a,knifey,Early access,Durststein,38055,518,https://imgur.com/2FHsgPS,26/08/2023,6,1.6,Spear,,,5688909293211765466
2023-08-27 21:47:55,a,8lackt0n,Early access,Neuland,5150,61,https://paste.pics/c8c26a99369e7bf0d84690fd2c23aa1e,27/08/2023,0,1.16,Bow,None,,5689748750171184542
2023-09-03 12:53:58,o,LTU Adas,Early access,Nordfels,48345,344,https://www.youtube.com/watch?v=O1ZBTEg9xl4,03/09/2023,7,1.16,Spear,"Turtle god
Tiger god
Snake god
Falcon god
God of destruction
Wasp god
God of death","Royal mint, War hoirse, Heavy armour",5695476388129710602
2023-09-08 13:57:20,o,yankee,Early access,Nordfels,34500,30,https://i.imgur.com/HmYNXFV.png,08/09/2023,6,1.16,Spear,,,5699834406144406091
2023-09-08 13:58:17,o,MaXD,Early access,Nordfels,28650,315,https://cdn.discordapp.com/attachments/1117853463045476382/1149672336946122792/image.png,08/09/2023,5,1.1,Spear,,,5699834975215526455
2023-09-08 14:01:54,a,Anael,Early access,Frostsee,49554,395,https://www.youtube.com/watch?v=ldZ2M80JfWA,08/09/2023,7,1.16,Spear,"Turtle god
Tiger god
Snake god
Falcon god
God of destruction
Wasp god
God of death",,5699837143582299650
2023-09-08 15:42:25,o,MaXD,Early access,Nordfels,39812,323,https://media.discordapp.net/attachments/1117853463045476382/1149687775906500718/image.png?width=1202&height=676,08/09/2023,6,1.16,Bow,,,5699897455219321688
2023-09-08 18:20:51,o,yankee,Early access,Nordfels,45818,268,https://i.imgur.com/CIrMkDW.png,08/09/2023,7,1.16,Spear,"Turtle god
Tiger god
Snake god
Falcon god
God of destruction
Wasp god
God of death",,5699992516148178181
2023-09-08 20:06:13,a,yankee,Early access,Neuland,5126,65,https://i.imgur.com/bnjVec9.png,08/09/2023,0,1.16,Bow,None,,5700055736143345998
2023-09-09 18:35:37,a,yankee,Early access,Frostsee,38540,197,https://i.imgur.com/a9dr7pO.png,09/09/2023,7,1.16,Spear,"Turtle god
Tiger god
Snake god
Falcon god
God of destruction
Wasp god
God of death",,5700865376147432028
2023-09-10 22:11:56,a,yankee,Early access,Nordfels,47516,313,https://i.imgur.com/uEt2BiX.png,10/09/2023,7,1.16,Spear,"Turtle god
Tiger god
Snake god
Falcon god
God of destruction
Wasp god
God of death",,5701859166141559068
2023-09-10 22:32:48,a,LTU Adas,Early access,Frostsee,46828,351,https://youtu.be/oQcP00ObbTI?si=R7JFkvLrHy5ITk56,10/09/2023,7,1.16,Spear,"Turtle god
Tiger god
Snake god
Falcon god
God of destruction
Wasp god
God of death",,5701871685719500344
2023-09-11 15:03:13,o,MaXD,Early access,Nordfels,46325,289,https://media.discordapp.net/attachments/1117853463045476382/1150776984197136435/image.png?width=1202&height=676,11/09/2023,7,1.16,Spear,"Turtle god
Tiger god
Snake god
Falcon god
God of destruction
Wasp god
God of death",,5702465932329759165
2023-09-12 13:25:16,o,MaXD,Early access,Nordfels,48213,330,https://cdn.discordapp.com/attachments/1117853463045476382/1151115874770616381/image.png,12/09/2023,7,1.16,Spear,"Turtle god
Tiger god
Snake god
Falcon god
God of destruction
Wasp god
God of death",,5703271162327282691
2023-09-12 20:55:07,a,JanErik,Early access,Nordfels,48730,330,https://www.youtube.com/watch?v=lpirWI-zfTc,12/09/2023,7,1.16,Spear,"Turtle god
Tiger god
Snake god
Falcon god
God of destruction
Wasp god
God of death","Royal mint
Heavy armour
War horse",5703541077689476728
2023-09-13 19:53:16,a,LTU Adas,Early access,Nordfels,48748,339,https://i.imgur.com/HMuZIAx.png,13/09/2023,7,1.16,Spear,"Turtle god
Tiger god
Snake god
Falcon god
God of destruction
Wasp god
God of death","Royal mint
Heavy armour
War horse",5704367965711349938
2023-09-14 17:01:51,o,MaXD,Early access,Nordfels,48716,334,https://cdn.discordapp.com/attachments/1117853463045476382/1151895359929471097/image.png,14/09/2023,7,1.16,Spear,"Turtle god
Tiger god
Snake god
Falcon god
God of destruction
Wasp god
God of death","Royal mint
Heavy armour
War horse",5705129112322563823
2023-09-15 12:35:53,a,MaXD,Early access,Nordfels,49223,343,https://cdn.discordapp.com/attachments/1117853463045476382/1152190837950775296/image.png,15/09/2023,7,1.16,Spear,"Turtle god
Tiger god
Snake god
Falcon god
God of destruction
Wasp god
God of death","Royal mint
Heavy armour
War horse",5705833537815068321
2023-09-16 6:40:03,a,LionTurtle,Early access,Nordfels,28350,310,https://imageupload.io/ib/dkPJ3sQx6tOmBfA_1694839042.jpg,16/09/2023,5,1.1,Spear,"Turtle god
Tiger god
Falcon god
Wasp god
God of death","Royal mint
Heavy armour
War horse",5706484038514961719